Last_Name,last_name
Hukins,Birtles
Papachristophorou,Fratson
Briscoe,Tilbrook
Camerana,Winteringham
Firebrace,Picford
Mingardo,Tomich
Fettiplace,Scallan
Tapton,Spitaro
Doole,Gladstone
Nozzolii,Enrich
Zanelli,Backler
Woodruff,Peltz
Nash,Cortnay
Wrightam,Mettericke
Bamling,Rewcastle
Aukland,Borrows
Hoffmann,Puttan
Pepler,Maccree
Rizzelli,Forber
Peasee,Hurdwell
Sturdgess,McBayne
Gathercoal,Wicken
Nairns,Cobain
Howerd,Hulmes
Ricciardelli,Benbough
Syrett,Izat
Willeman,Aylin
Matchitt,Redfern
Mansour,McKane
Schofield,Brik
Karoly,Parsonson
Dinnage,Mousby
Wintersgill,Udey
Newcomb,Radmore
Moquin,Enever
Jirieck,Tink
Crollman,Jore
Bennoe,Stodart
Stennard,Oldall
Spreckley,Leefe
Isabell,Mayward
Crysell,McIlhatton
Defty,Shearwood
Roseborough,Berthon
Karlolak,Crust
Humber,Chattock
Larrett,Larway
Studders,Grieswood
Vern,Duke
Clemente,Cookley
Heiden,Dethloff
Passo,Tompsett
O' Dornan,Ashfold
Ginnally,Crewe
Haborn,Bonas
Maffey,Davidzon
Kenworthey,Andrew
Beaushaw,Crady
Durban,Arlott
Seak,Spedroni
Hierro,Urion
Heathcoat,Bonnette
Skryne,Reeveley
Sweet,Sellers
Tiron,Lockney
Bransdon,Stains
Jouannot,Jacques
Syder,Blakemore
Rawstorne,O' Kelleher
Krolman,Donnachie
Asser,Savege
Fritche,Cordeau
Crunkhurn,Lynett
Hardisty,Pendred
Feaster,Tuckey
Myers,Jennrich
Ingarfield,Wolstenholme
Gipp,Domenicone
Meece,Kinnerk
Scotney,Dodgshon
Alvar,Ismay
Castiglio,Wakelam
Sircombe,Yarham
Blewett,Wadley
Vowdon,Rowswell
Wollacott,Casacchia
Taggerty,Beeston
Newark,Ramm
Baldi,Maddocks
Boutcher,Grocock
Furnell,Chopy
Gatley,Abernethy
Arundale,Tuite
Digby,Mapp
Gatenby,Hunter
Freckingham,Cauldwell
Andrasch,Ducarne
Bidwell,Mahmood
Litel,Lednor
Bartlett,Orts
Stuttard,Cumberland
Rourke,Ricciardelli
Skillington,Skoughman
Darnbrough,Dinneges
Camelia,Merali
Pennycuick,Ceeley
Hilhouse,Orhrt
Yakunikov,Gianolo
Carette,Clemmens
Lowdes,Dymock
Cawley,Buzek
Grimbleby,Levicount
Feedham,Astupenas
Dabrowski,Prahl
Moulds,Gun
Chaffen,Harbottle
Skipp,Rasell
Hebblewhite,Delagnes
Budding,Cranham
Rebert,Kirman
Davidofski,Reyna
Goodinson,Fitzsymonds
Olek,Dunton
Treverton,Feely
Ende,Ronaldson
Sparrow,Parkey
Bartosch,Langthorn
Keast,Abramcik
Everett,Measures
Behnecke,Bascomb
Fishleigh,McCloughlin
Bouzan,Liversidge
Lexa,Van Dalen
Eastment,Chiverton
Cradick,Dilston
Barratt,Dreinan
Hurnell,Schwandermann
Krzyzaniak,Cromarty
Fomichkin,Bawden
Phipp,Sandiford
Petrelli,Hutchins
Mapledoram,Nyssens
Stanyforth,Pirelli
Mulqueen,Lawday
Rushbury,Macon
Woodthorpe,Posselow
Spottiswoode,Sherrum
Blanchette,Ridgwell
Coppenhall,Denver
Weatherdon,Henriques
Pepin,Merit
Bleacher,Quinane
Domenget,Mulloch
Stigger,Hannum
Iapico,D'Ambrosio
Denziloe,Vandrill
Bastard,Wraighte
La Wille,Budibent
Eyre,Querree
Pennino,Oldroyd
Beveredge,Spurway
Nichol,Grote
Drakeford,Fransson
Huguet,Bertie
Egalton,Nutley
Cartmer,Rumbold
Piscopo,Dowsing
Van den Velde,Deackes
Leggatt,Sackett
Eatock,McAllister
Hobell,Guerrier
Minerdo,Souley
Fodden,Navan
Salling,Cogle
MacDermand,Parysowna
Omond,Brookzie
Ulyet,Elman
Rosenau,Slatten
Baggaley,Barnsley
Karppi,Vogeler
Bambery,Petruska
McInnerny,Pettersen
Olman,Yielding
McGraw,Norbury
Ferres,Joiner
Dumsday,Barthelet
Goodram,Benoy
Ida,McBrier
Morphey,Kimble
Kevern,Manifield
Druhan,Houseley
Danielsson,Bamlett
Skipworth,Gorusso
Skells,Gosland
Wortt,Jozwik
Fyfield,Castiglioni
Tucker,Verry
Shawell,Dorie
Olufsen,MacCurley
Durning,Fairman
Pude,Mound
Salthouse,Martell
Douglas,Crosseland
Farriar,Dureden
Petegre,Kollaschek
Deble,Grisenthwaite
Senogles,Gasgarth
Hundy,Stanford
Kynastone,Vickery
Aland,Applewhite
Cisec,Thunders
Dooher,Signorelli
Peile,Strover
Kinzett,Piscotti
Abramovicz,Pocknoll
Heinreich,Pittendreigh
Jerratsch,Spencock
Worsfold,Snyder
Curner,Merchant
Hinchcliffe,Ickovits
Barajaz,Collete
Baptiste,Found
Peile,Dombrell
Dilston,Childs
Whithalgh,Strowan
Tibald,Rand
Trainor,Lillford
Fibbit,Preuvost
Guitte,Etheredge
MacTeague,Wink
Tatford,Rival
Crocket,McGuckin
Rossin,Cescot
Dupree,Seifenmacher
Northcote,Oldmeadow
Stainburn,Cropp
Dodgson,Featherstone
Hogbin,Eddow
Carnoghan,Woodier
Hilling,Kitman
Ingon,Pigot
Lay,Hayton
Foston,Bignall
Twohig,Kasting
Clendening,Chesterman
Beddo,Bugge
Stubs,Bedenham
Sampson,Goodenough
Petroulis,Sainsberry
Mannakee,Rubenovic
Burkett,Moncur
Neild,Cullinan
Adnet,Giscken
Southcoat,Ghioni
Wallas,Napolione
Norheny,Dissman
Coughlin,Giacovazzo
Stiger,Holmyard
Nyssen,Jeanneau
Eastridge,Ellul
Bolger,Masser
Closs,Harback
Lillicrop,Andrioni
Marusik,Ledson
Ife,Laycock
Aldwich,Gorner
McKeachie,Catonnet
Wickens,Witchard
Paish,Cuckson
Kilcullen,Corben
Dusey,Hinsch
Bearcock,Ganderton
Sturte,Thew
Heasman,Burt
Syme,Harriman
Bagger,Ewins
Riggey,Kalinke
Achromov,Gorden
Kopelman,Mulderrig
Burchard,Polet
Bollam,Pietrzyk
Brockhouse,Hartwright
Doherty,Tincey
Chadd,Fleet
Redgewell,Jobke
Cattermull,Disbury
Bunkle,Offiler
Yakunchikov,Duce
Basnett,Resdale
Coldbreath,Gronav
Caldera,Fuggles
MacMorland,Crump
Fittis,Bosma
Winterbourne,McSkeagan
Jenking,Cearley
Simla,Reape
Mosey,Else
Benson,Loving
Atheis,Bennit
Brayley,Bloor
Humpherson,Wickling
Covet,Poncet
Speir,Lambourne
Drejer,Hagger
Clandillon,Benedetti
Anney,Reef
Paeckmeyer,Readmire
Risbridger,Ephson
Mawby,Rawstorn
Perrett,Kinnoch
Kinahan,Eschelle
Halms,Edscer
Cracknell,Horsey
Scardefield,Rennix
Brimham,Tierney
Tilbey,Longhurst
Bennen,Cranny
Strode,Tourle
Wildsmith,Doman
Jaram,Tuffey
Roskrug,Blumfield
Simonot,Gabbatt
Conrard,Hardy
Harbord,Hincham
O'Hickee,Yeeles
Basketter,Alastair
Guynemer,Braemer
Niland,Fiveash
Ciraldo,Asche
Ronayne,MacChaell
Gildroy,Jagiello
Faire,Van der Merwe
Mulkerrins,Crosser
Widger,Middle
Brammer,Mate
MacConnal,Windebank
Piel,Pearsall
Mazzia,Ellershaw
Karlowicz,Laurent
Drydale,Endrizzi
Lydiard,Lyvon
Coggan,Dalliston
Beardow,Swinley
Raoult,Balshen
Magson,Cockson
Bassam,Pickles
Stansall,Guarnier
Kitchingman,Scay
Kreber,Rihanek
De Beauchamp,Gantzman
Noquet,Harnott
Boyet,Roset
Kleanthous,Tomczykowski
Latey,MacMeekan
Crews,Callow
Scandrett,Jado
Tarbert,Allnatt
Fenty,McCreery
Pardi,Piquard
Beller,Doxsey
Manicomb,Keir
Northage,Greeding
Selman,Burberow
Croney,Ladbrook
Klimentyev,Levane
Binnion,Fishpoole
Slayny,Zamudio
Joffe,Sidey
Rogister,Kisbey
Nestoruk,Scrace
Dominici,Tow
Allderidge,Halley
Candey,Bhatia
Clemmow,Kettles
Hickeringill,Rockell
Rase,Purches
Medendorp,Herrema
Wackett,Talman
Treagus,Benyon
Frunks,Palphramand
Pittwood,Barrowcliff
Stapford,Trevino
Schimaschke,Tofanelli
Calton,Eckersall
Truss,Colyer
McIlroy,Martinson
Legon,Shipman
Ellaman,Ghilks
Coxwell,Farthing
Dent,Barnson
Buterton,Baxandall
Weall,Manns
Sterricker,Sandom
Rendle,Gibard
Caughte,Wackley
Blowick,Porch
Sherlock,Simcox
Alans,Heggs
Antoniottii,Gilbert
Olive,Muzzini
Eaves,Shetliff
Frame,Redhole
Woollett,De Launde
Bilbrook,Schoolfield
Hugli,Hazlehurst
Greer,Prescott
Longhorne,Try
MacMychem,Winters
Degnen,Vassie
Tallow,O'Shiel
Cotter,Kerin
Maytom,Artharg
Pietri,Tumasian
Crighton,Royson
Derisly,Shewon
Delgua,Gatling
Caddie,Assante
Devote,Bowdery
Castell,Ollington
Simpkiss,Cardenas
Whithalgh,Perkis
Harlow,Evers
Herche,Bushrod
Bubb,Pigford
Mapham,Kemet
Shatford,Sloy
Fluck,Blackleech
Catherine,Clotworthy
Hugonin,Nisuis
Heelis,Petkov
Yearn,Dykas
Fiddyment,Radmore
Juliff,Whitmell
Dionis,McNirlin
Holywell,Keysel
Branchflower,Itscowics
Ratt,Yockney
Bletso,Titterton
Cornewall,O'Duane
Atmore,Beecraft
Joseph,Baumaier
Mattheis,Winsom
Thomasen,Bridgman
Towse,Dory
Upshall,Stempe
Bestall,Bertelsen
Leverich,Mortlock
Biglin,Bettington
Ramalho,Heynel
Beneix,Charity
Crippill,Wickins
Dearl,Songist
Shiril,Axford
Jiggens,Vivers
Ferrieri,O'Crigan
Senogles,Filipiak
Batson,Dorey
Bollis,Tolworthie
Kuhnke,Esbrook
O'Gleasane,Mehaffey
Blockey,Walewicz
Drillot,Slym
Deport,Brasse
Threadgall,Blachford
Cotte,Jeavons
Polendine,Eastwell
Rogez,Boustead
Martello,Vaux
Van den Dael,Chattington
Creegan,Vardie
Kemme,Cornewell
Pulman,Burstowe
Bresnahan,Murty
Maplesden,McElwee
Fitton,Annies
Hightown,Badham
Strelitz,Witch
Woolger,Monk
Stovine,Maffioletti
Peacey,Heffy
Libermore,Airds
McGriele,Sawell
Tregona,Saltman
Hexham,Trusler
Monni,Rickards
Hamel,Knock
Yashnov,Comber
Francillo,Vasile
Yewen,Terbrug
Brennen,Cundict
MacWhan,Matyas
de Clercq,Oylett
Phlippi,McGlynn
Toplin,Banville
Florey,Grave
McCrisken,Tomasini
Kees,Bartali
Stanway,Snoxill
McTrustey,Klewer
Castaignet,Edinboro
Hoxey,MacIver
O' Scallan,Meneo
Bryer,Haxley
Waddington,Worral
Heistermann,Kindley
Couth,Heaysman
Saull,Fleisch
Pepys,Habbema
Pafford,Oboy
MacTrusty,Henworth
D'Alesio,Domniney
McKeggie,Nystrom
Tille,Carillo
Carlett,Danielczyk
Doughty,Eidelman
Fencott,Cushion
Purveys,Munday
Geraghty,Canizares
Faunt,Maffin
Stittle,Parradine
Waterfield,Howorth
Van Geffen,Beecham
Abelovitz,Postins
Clemensen,Cobb
Gillise,Runchman
Van Arsdale,Kimmerling
Kaemena,Deval
Glasby,Lissandri
Hamer,Belfield
Covotti,Asser
Wimbush,Tomalin
Sowman,Furzer
Jickles,Tuftin
Makepeace,Gowanson
MacRory,Ryrie
Handrek,Boyse
Izhakov,Thebeaud
Rops,Hixson
Crackel,Laurenty
Bloan,Caltun
Muggleton,Bull
Purrier,Huitson
Jonson,Ceaser
Reagan,Ledwidge
Jansa,Liddiard
Vigours,Behneke
Sappy,Kibbee
Clarycott,Readett
Barstowk,Rosso
Pashba,Harback
Clemot,Enston
Wordley,Janus
Baldocci,Denison
Paris,Falla
McElvine,Dury
De Ruggiero,Reffe
Dakin,MacTrustie
Hamilton,Taveriner
Braiden,Teodori
cornhill,Fahrenbacher
Rhule,Lukas
De Cleyne,Hartegan
Lakey,Baiyle
Fernant,Samart
Wenham,Kindread
Clows,Bantham
Flewett,Beaudry
Reford,Surgeon
Kelleway,Foyster
Carlile,Messum
De Meyer,Concklin
Bryning,Van Halen
Frenzl,Pinchin
Asplen,Lezemere
Barnsley,Kidgell
Occleshaw,de Pinna
Heber,Dunbavin
Landeg,Curthoys
Cabrer,Rhyme
Priden,Fermor
Ribbens,Erdes
Burborough,Server
Mosconi,Vescovo
Shoard,Duchenne
Gerritsma,Linkie
Way,Wavell
Hehir,O'Loughane
MacKintosh,Frohock
Bard,Hulles
Cagan,Venart
Scurrer,Sego
Tesh,Durrant
Dober,Lunny
Jeger,Ivantsov
Secrett,Healings
Sarney,Bayne
Poolton,Carrodus
Grishelyov,Airey
Muckleston,Illesley
Sebyer,Birkmyre
Revening,Englishby
Ades,Hub
Thomassen,Hutchin
Ogden,Anderbrugge
Ventris,Lingner
David,French
Hum,Cowthart
Mustoe,Flay
McKennan,Tompion
Huban,Gresly
Cocking,Balazin
Flaunier,Adnett
Griffithe,Pearman
Burley,Huntly
Camplin,Dodimead
Bicksteth,Bernhard
Charman,Foggarty
Hing,Clampe
Nozzolinii,Inmett
Mathwin,Lodin
Yeskov,Legge
Espinho,Slowgrove
Poter,Budcock
Meekins,Saile
Riddich,Lantaff
Szymaniak,Abramovicz
Jahner,Sturmey
Ranyelld,Borrill
Stride,Dowd
Rhubottom,Going
Beaulieu,Hagart
Sloane,Baglow
Dyment,McTague
Wornham,Rozenzweig
Ludlem,Graeber
Rupke,Roskams
Hendrix,Peasegood
McCloughlin,O'Scanlon
Foffano,Tynemouth
Grisbrook,Adelsberg
Varden,Fasey
Osban,Karlowicz
Sherwin,Dallison
Rikard,Rubke
Bartomieu,Braemer
Cronchey,O'Coskerry
Emmines,O'Geaney
Child,Consadine
Stidever,Hinder
Lockier,Hallan
Docksey,Lutman
Mapplethorpe,Cavanaugh
Quillinane,McDougle
Tottman,Andersen
Domange,Pawfoot
MacWhirter,Groll
Skittrall,Peyton
Gyrgorwicx,Hews
Di Iorio,Melsom
Blowers,McGarahan
Veivers,Cheetam
Benediktsson,MacCracken
Barby,Schall
McGeneay,Domotor
Ballay,Benoit
Keough,Edgeley
Suermeier,Roe
Hendrik,Degoy
Denzey,McDade
Bollam,Richley
Grewes,Osmon
Guymer,Guisot
Bullene,Bodiam
Neville,Messier
Sudell,Shillabeare
Petti,Bowdler
Hawkey,Adamides
Chazelas,Marshman
Mathias,Grimble
Cotes,Pestell
Nitti,Really
Smythin,Maxstead
Lawey,Newlin
Pelzer,Pickrill
Dowyer,Kilsby
McNeachtain,Clutheram
Husher,Strettell
Davitti,Carnilian
Mabb,Dyke
Spinage,Causon
Smyley,Bythway
Haste,Monery
Brant,Goodbairn
Barchrameev,Guillond
Lambard,Monteith
Sherwood,Conibere
Huntall,Forcade
McEntee,Pearlman
Biasioni,Rosberg
Bonsul,Toye
Dudhill,Dowtry
Mateja,Haymes
Cottem,Slavin
Jakoubec,Staresmeare
Sturte,Rosenzwig
Tunnoch,Dumbrell
Andrioni,O'Crigan
Padwick,Cumine
Rosini,Tattersdill
Brayfield,Mabey
Linwood,Iacovini
Dauby,Tyrie
Hentzer,Champniss
Freyn,Rudge
Yakuntzov,Blanckley
Wilcox,Conyard
Ecclestone,Overpool
Lascell,McVeighty
Di Filippo,Beetlestone
Gallelli,Cullivan
Nyssens,Biggerstaff
Shallo,Barnardo
Cribbins,Rasper
Gedge,McQuode
Offield,Putten
Novichenko,Plume
Bembrigg,Worsnop
Ricardot,Nassau
Dragon,Shervington
Haith,Garrow
Scaife,VanBrugh
Wannan,Learmouth
Bleiman,Dorrington
Amaya,Dell Casa
Kybert,Atyeo
Eadmead,Fetherston
Bissill,Eborn
Touson,Denizet
Pau,Fissenden
De Francisci,Lightman
Woolgar,Martinot
Standbrook,Duferie
Johannesson,Giaomozzo
Vogelein,Oxford
Jacop,Benley
Garvie,Cowern
Cowdery,Skates
Mossman,Baptie
Gallahue,Riedel
Cerith,Smetoun
Adey,Mullally
Ionn,Hankey
Wennam,McBratney
Trayes,Houseman
Rotlauf,Cleator
Gallatly,Penwright
MacKellar,MacKeller
O'Scandall,Collibear
Gasking,Rosekilly
Rebichon,Mathiasen
Fawckner,Borgnol
Lovemore,Albiston
Critchell,Bulman
Creak,Dissman
Pellington,McPhelimy
Saller,Langcastle
Kerwick,Pavlovsky
Bikker,Ybarra
Sherborne,Yesipov
Gossage,Bruineman
Barnaclough,Beiderbecke
Schechter,Ouldcott
Mallabon,Grono
Allner,Frid
McGlynn,Bresson
Domenichini,Tinston
Diggens,Maplestone
Palfrey,Braz
Raff,Filipic
Scaddon,Cohn
Pomery,Haugen
Kruschev,Matej
Fuke,Eymor
Macklin,Imm
Potten,Darrington
Verrillo,Horsfield
Poyner,Tickle
Donner,Aneley
Swigg,Symonds
Bunyard,Hankins
Moakson,Bredes
Veivers,Budgett
Selwyne,Emes
Duran,Eighteen
Penk,McCheyne
Dunrige,Gorke
Olivari,Allon
Farebrother,Caunce
Littledike,Readhead
Bleckly,Wisson
Izsak,Danick
Balkwill,Allen
Brodhead,Sandham
Landell,Coite
Cleverly,Barok
Pee,Gartell
Livesay,Danter
Salters,Tomczykowski
Moger,Abramski
Le Marchand,Ganing
Hiland,Gouldeby
Gennerich,Hubery
Merwood,Kingshott
Brogioni,Brownsword
Le Brun,Cobon
Pollicott,Escalante
Wake,Rosbottom
Lithcow,Marjoram
Scothron,Droghan
Olfert,Rehme
Clail,Pedroni
Flegg,Rawlyns
Neill,Rosenhaupt
Dietmar,Bilham
Clingan,Nipper
Beeze,Cavet
MacGibbon,Hessenthaler
McKane,Plenderleith
Borsi,Poytress
Cream,Nicolson
McElhargy,Dainton
Whittlesey,Mutlow
Russ,Breese
Janousek,Puvia
Dupree,Kezor
MacDermott,Uvedale
Wankel,Tarver
Aitken,Cliss
Bent,Berridge
Georgeot,Gosalvez
Rosenfrucht,Morrison
Commins,Wingham
Yeoland,Baudino
Lukash,Barnaclough
Koenraad,Steger
Tann,Schwandermann
Skullet,Hatrick
Shapcote,Hise
Gerrens,Whissell
Von Helmholtz,Baelde
Lutwidge,Glassman
Scholard,Heelis
Jeandillou,Bartos
De Bruijn,Fassbindler
Dulany,Kinnerk
Constantinou,Gomersal
Ollis,Shingfield
Leverington,Okey
Cogley,Van Arsdale
Chislett,Foxley
Rowbottom,Basant
Hacquel,Moncaster
Renny,Bruinemann
Aronowitz,Barfford
Crighten,Parade
Orniz,Clouston
Lowing,Towey
Nance,Kebell
Jiras,Davisson
Crosher,Behneke
Pullar,Lambert
Lund,Senior
Biaggetti,Darrach
Turpin,Tyrone
Brownsea,Mathiot
Broadwood,Oblein
Summerscales,McCahill
Groome,Lambrecht
Deeks,Reason
Mungin,Buncom
Woodvine,Culpin
Estabrook,Inwood
Betje,Flipsen
Pulteneye,Whysall
Gatenby,Degli Abbati
McDuffy,Shoesmith
McBoyle,Dewdney
Fairley,Dart
Goreway,Lawfull
Burkinshaw,Clynter
McPhater,Rossiter
Hugill,Vater
Asling,Coviello
Mullaly,Maybury
Gofton,McFaell
Dreger,von Hagt
Biever,Lakenton
Royan,Dominelli
Splaven,Jepps
Grieves,Poulgreen
Deadman,Rosenstock
Alleyn,Stripling
Dener,Huffadine
Kenzie,Isacsson
Blackshaw,Shingfield
Webben,St. Queintain
Piddocke,Middlewick
Lemmanbie,Wakes
Nevison,Chauvey
Iskower,Verbeek
Gutch,Padfield
Taggett,Hayball
Grut,Hugnet
Tomini,Wapples
Kibbey,Mc Coughan
McMurty,Walker
Joyson,Chilton
Cisneros,Callendar
Shattock,Oades
Smitherman,Catterick
Kobke,Tomsa
Mc Harg,Mackro
Pass,Girhard
Potell,Simnett
Niezen,Adds
Hefferan,L' Estrange
Maine,Emmanueli
Semkins,Yurchishin
Thornton,Tuckley
Catlow,Hansford
Firebrace,Timmins
Farman,Logesdale
Jinkin,Flecknoe
Rawlin,Lonie
Szachniewicz,Grzesiewicz
Offener,Willbraham
Coie,Anespie
Mottram,Baudouin
Bourgaize,Wardington
Yakunkin,Dominichetti
Kuschek,Birkin
Lovegrove,Feary
Gillbard,Boulding
Dearden,Tilburn
Dowman,Stoller
Trass,Raselles
Burde,Le Strange
Boothman,Laver
Yurkevich,Cuniffe
Frean,Maslen
Bakhrushin,Olekhov
MacGarvey,Pennycuick
Dudson,McGreal
Barhams,Ianetti
Lauritsen,Caddick
Braunle,Jaher
Challicombe,Tertre
Shine,Uff
Murkitt,Mersh
Rowat,Nitti
MacKenny,Laverock
Ellingsworth,Farney
Pittaway,Shurlock
Martusewicz,Plumstead
Constant,Lillistone
Craw,Haveline
Lovegrove,Borit
Esherwood,Sinton
Marwood,Catenot
Titcumb,Nary
Lewsie,Sloam
Kocher,Durber
Velte,Phidgin
Iggalden,Andraud
Ruffle,Sketcher
Pele,Tremontana
Tate,Side
McKeating,Got
Woolens,Yorke
Pinard,Giovani
Leaning,Aimer
McTaggart,Ackroyd
Houndesome,Tillerton
Dolder,Morde
Bealton,Rudall
Chenery,Brymham
Myring,Morgans
Paolini,Gooders
Pedrollo,Dassindale
Sliney,Rohfsen
Astling,Shorthill
Allibone,Eaglesham
Nurcombe,Vaulkhard
Luckin,Bushell
Slegg,Clementet
Sandland,Madeley
Slafford,Tussaine
Stoter,Dace
Smeall,Boarer
Hinrichsen,Pakes
