First_Name,first_name
Mégane,Edeline
Gérald,Nyssa
Judicaël,Giustina
Cécilia,Jeremias
Geneviève,Alix
Kévina,Ranna
Gösta,Andras
Léonore,Caryl
Gérald,Talia
Lorène,Rafaelita
Bénédicte,Tait
Kévina,Marcile
Athéna,Joellen
Estée,Lana
Maëlyss,Francene
Publicité,Boone
Geneviève,Corly
Märta,Orelle
Célia,Pearline
Loïs,Vanya
Eléa,Flossy
Cléa,Karel
Danièle,Dario
Dà,Gates
Maï,Belia
Angèle,Malena
Mélina,Stefa
Clélia,Elka
Léa,Kaile
Liè,Nichols
Eléonore,Masha
Ráo,Ed
Zhì,Tyne
Dafnée,Liz
Liè,Ellie
Mylène,Ada
Desirée,Dugald
Félicie,Lissi
Marie-hélène,Jemimah
Océane,Dare
Personnalisée,Lucas
Marie-ève,Raimondo
Cinéma,Carmella
Aí,Rosemarie
Anaé,Marcelia
Yè,Isaak
Eloïse,Lorinda
Garçon,Gwennie
Stévina,Millicent
Håkan,Ayn
Vénus,Marcelo
Mélanie,Berri
Pélagie,Dorolisa
Laïla,Perry
Marie-noël,Joanna
Sélène,Rosanne
Loïs,Dorrie
Ophélie,Larisa
Régine,Chrisy
Célia,Constantine
Michèle,Tamas
Andréa,Courtnay
Mégane,Lindsy
Clélia,Burnaby
Personnalisée,Heinrick
Gösta,Guthry
Maëline,Quent
Mélys,Templeton
Marie-hélène,Juliane
Lài,Katy
Loïca,Cathrine
Marie-josée,Stormy
Örjan,Jarrid
Maëlyss,Saxe
Annotée,Jessee
Kallisté,Sindee
Marylène,Robb
Béatrice,Patsy
Méryl,Sallyann
Mélia,Beatrix
Réjane,Pooh
Håkan,Bernardine
Maïté,Beth
Amélie,Harper
Simplifiés,Edgard
Frédérique,Fonsie
Agnès,Berkie
Geneviève,Gregoire
Néhémie,Ives
Nadège,Tristan
Alizée,Barbey
Marie-ève,Lela
Loïca,Jedidiah
Célia,Kin
Athéna,Holly
Mélissandre,Hal
Mahélie,Gillan
Magdalène,Von
Laurène,Nickey
Léane,Kristan
Östen,Brennan
Andréa,Casper
Aloïs,Alyson
Célia,Cody
Görel,Major
Méryl,Alyson
Estève,Gussie
Dù,Clarine
Örjan,Marys
Aloïs,Cariotta
Eloïse,Andrey
Maëlys,Alfie
Eliès,Nikki
Görel,Eliot
Zhì,Peter
Mégane,Laure
Cinéma,Kyla
Sélène,Fraze
Aí,Clarissa
Bérénice,Dyana
Zoé,Olimpia
Mylène,Nan
Jú,Perri
Vénus,Calv
André,Kamillah
Félicie,Emlen
Mylène,Grant
Félicie,Nanny
Börje,Gusella
Torbjörn,Hastings
Faîtes,Krystal
Léa,Mariel
Gisèle,Ciro
Åsa,Hazlett
Ruì,Luci
Táng,Atalanta
Léonie,Janek
Pélagie,Nikaniki
Lorène,Ogdan
Méng,Jessi
Michèle,Appolonia
Sélène,Lock
Léone,Eada
Adélaïde,Marcella
Médiamass,Tamarah
Léonore,Maddie
Eliès,Mercy
Maï,Tootsie
Gwenaëlle,Jedidiah
Bérengère,Maribelle
Måns,Elston
Gösta,Dore
Styrbjörn,Harbert
Irène,Crystie
Lèi,Bertina
Clémentine,Paulo
Aurélie,Irina
Jú,Lydia
Cécile,Jammal
Cécilia,Melonie
André,Conni
Yè,Susette
Clémentine,Zachary
Cloé,Iosep
Cloé,Sauncho
Zoé,Alfonso
Dù,Ches
Håkan,Horten
Béatrice,Martyn
Mén,Rebeca
Méthode,Alexa
Mélanie,Lindy
Léa,Cosette
Agnès,Cora
Angélique,Madison
Adélie,Cate
Andrée,Llywellyn
Ruò,Pincas
Estée,Vasily
Cléa,Trixi
Hélène,Josias
Lèi,Sergent
Åslög,Klemens
Esbjörn,Hyacinthie
Laurène,Garner
Maëlys,Morgen
Aurélie,Fionnula
Kévina,Davita
Maëlle,Jacinda
Cinéma,Stefania
Marie-ève,Kenn
Solène,Inesita
Pélagie,Deena
Amélie,Sileas
Yè,Christie
Médiamass,Osmond
Lén,Jasper
Angèle,Boris
Pò,Jedidiah
Östen,Nancie
Marie-noël,Merrielle
Géraldine,Hildegaard
Åsa,Sephira
Östen,Alvira
Intéressant,Coralyn
Lauréna,Joete
Eléonore,Karisa
Åsa,Trever
Cinéma,Muhammad
Intéressant,Ashley
Maïwenn,Bobine
Léonie,Bernard
Frédérique,Junie
Nélie,Thorny
Adélie,Emiline
Loïs,Bonnibelle
Danièle,Dawn
Eloïse,Tod
Eloïse,Engelbert
Anaïs,Amity
Bérangère,Shandie
Fèi,Sol
Maëlla,Barney
Pål,Luisa
Noémie,Shirline
Salomé,Cece
Camélia,Yoko
Ruì,Grove
Åslög,Cora
Mélia,Benedikta
Josée,Reidar
Régine,Nobe
Gaïa,Tuesday
Maïlys,Aymer
Mélissandre,Merralee
Noémie,Shaughn
Eugénie,Melodee
Eliès,Norrie
Maëlann,Niccolo
Laurélie,Milt
Lóng,Cassius
Anaé,Mada
Clélia,Chalmers
Yú,Tarra
Pénélope,Lazar
Yáo,Harold
Maéna,Julieta
Intéressant,Mersey
Miléna,Jeanne
Hélène,Rudd
Frédérique,Petronia
Valérie,Lindi
Bérengère,Evvy
Judicaël,Gale
Mélodie,Linus
Adèle,Katerina
Noémie,Jenica
Rébecca,Annabal
Uò,Kaylyn
Léonie,Barbaraanne
Gösta,Marina
Chloé,Joly
Hélène,Ruth
Léandre,Ceil
Bérénice,Celina
Börje,Alfred
Zoé,Cathe
Aimée,Jacenta
Amélie,Ogden
Maï,Yoshi
Desirée,Nollie
Valérie,Thomas
Gaëlle,Cleon
Börje,Zed
Görel,Wini
Nadège,Hatty
Renée,Fran
Ruò,Viviana
Åke,Grady
Mélissandre,Linoel
Åslög,Jerri
Vérane,Tonye
Frédérique,Eziechiele
Kallisté,Iorgos
Thérèse,Eudora
Maïté,Daffie
Solène,Kiley
Méthode,Mikol
Valérie,Kimberlee
Wá,Matilda
Maï,Ethe
Yáo,Hoyt
Irène,Dulcie
Maïly,Desdemona
Desirée,Emmalynne
Örjan,Reggi
Mà,Briant
Mélina,Del
Cléopatre,Dot
Pò,Keven
Eléonore,Fernandina
Zhì,Leonidas
Mén,Zelig
Ráo,Brnaba
Mélissandre,Heddie
Stévina,Northrop
Océane,Harcourt
Félicie,Waldo
Torbjörn,Des
Maëline,Hunfredo
Annotés,Ann-marie
Léana,Homerus
Océanne,Dreddy
Léa,Tate
Gösta,Katti
Léonore,Clemence
Uò,Denney
Judicaël,Torre
Wá,Troy
Gwenaëlle,Roze
Thérèsa,Iggy
Séverine,Kenn
Publicité,Jessamyn
Adélie,Hildegarde
Anaïs,Blanche
Séverine,Gerard
Yú,Cornell
Gwenaëlle,Georgeta
Pò,Clarie
Åslög,Boycie
Rébecca,West
Björn,Tamqrah
Cloé,Lou
Hélèna,Gibbie
Méng,Jack
Ophélie,Luke
Estée,Gauthier
Clémentine,Vonnie
Léonie,Alastair
Maïly,Regine
Gérald,Christy
Léane,Athena
Léone,Petr
Cléopatre,Johna
Régine,Rockwell
Maëlle,Gisela
Uò,Der
Anaé,Kettie
Méghane,Cris
Danièle,Corabel
Andréanne,Aksel
Noémie,Mattie
Gösta,Melany
Miléna,Will
Ophélie,Lynnett
Mélodie,Druci
Magdalène,Leonerd
Marie-thérèse,Stacie
Irène,Ferris
Åke,Gloria
Léone,Hillery
Séréna,Evy
Renée,Sean
Aloïs,Shawn
Mylène,Olly
Faîtes,Missie
Kuí,Birgit
Séréna,Micaela
Erwéi,Arabela
Mélissandre,Yvor
Simplifiés,Reggy
Vérane,Dedra
Cécile,Cordula
Göran,Ibby
Léonore,Janis
Aimée,Amii
Léonore,Reagan
Maëlle,Phillis
Liè,Ax
Gérald,Neall
Adélaïde,Lucy
Marie-noël,Arlyn
Béatrice,Griz
Clémence,Edy
Léane,Atlanta
Mahélie,Ansell
Cécilia,Chelsae
Pénélope,Reamonn
Céline,Maddi
Méthode,Katha
Magdalène,Jeanne
Lóng,Jeramey
Laïla,Celia
Néhémie,Hedwig
Andréa,Edita
Estève,Bevan
Marie-françoise,Ardelia
Réjane,Leesa
Erwéi,Dillon
Märta,Ealasaid
Maïté,Carina
Cunégonde,Padgett
Estève,Lyn
Inès,Arne
Mélinda,Pauline
Nuó,Ingeberg
Léa,Jeff
Mégane,Alyse
Magdalène,Pietra
Cécile,Wilfrid
Maëly,Alvin
Personnalisée,Alina
Táng,Conroy
Alizée,Clovis
Mélissandre,Winthrop
Noémie,Sibley
Célestine,Anya
Josée,Randee
Gisèle,Pearle
Régine,Hunt
Néhémie,Rory
Océane,Rod
Judicaël,Lorraine
Léane,Dory
Marie-thérèse,Jephthah
Mélinda,Sean
Bérengère,Tana
Lén,Teirtza
Rébecca,Berenice
Mélissandre,Gay
Aimée,Andie
Björn,Kristofor
Mélys,Bobbee
Véronique,Kaye
Anaé,Hurleigh
Léandre,Sofie
Mahélie,Tobie
Kévina,Stuart
Dorothée,Lind
Torbjörn,Alvinia
Erwéi,Elijah
Angélique,Shurwood
Yú,Carver
Frédérique,Lenci
Maëlann,Rowney
Bénédicte,Leigh
Clémence,Brockie
Eléonore,Josias
Märta,Estrella
Esbjörn,Erik
Geneviève,Clyve
Léane,Marillin
Ophélie,Xever
Loïs,Esme
Marie-hélène,Keri
Mégane,Courtnay
Åslög,Penny
Léana,Laurene
Cécilia,Jedediah
Méline,Matt
André,Karlyn
Maïwenn,Corrine
Méghane,Albina
Bérengère,Dulsea
Loïc,Lise
Athéna,Robyn
Camélia,Caspar
Maëly,Amaleta
Liè,Kenny
Chloé,Rodi
Yóu,Ana
Méng,Garfield
Maïly,Corabelle
Réservés,Melody
Zhì,Jordon
Laurélie,Francklyn
Björn,Cliff
Zoé,Gabbey
Adèle,Lalo
Marie-hélène,Vin
Amélie,Thekla
Dafnée,Kenton
Aurélie,Germain
Ophélie,Percy
Liè,Chryste
Faîtes,Nataline
Annotée,Brose
Ruò,Kimberley
Bérénice,Zach
Jú,Bertie
Adélaïde,Felita
Gaïa,Morna
Personnalisée,Eugenie
Andrée,Corny
Anaé,Patrick
Chloé,Legra
Märta,Tom
Maëlann,Lorry
Illustrée,Denys
Görel,Calli
Maëlyss,Zolly
Alizée,Rudd
Lauréna,Hyatt
Stéphanie,Ellissa
Maëlyss,Marge
Loïc,Abrahan
Mà,Hunter
Clélia,Esmaria
Cunégonde,Carmelle
Publicité,Ebonee
Mélissandre,Culver
Lóng,Lainey
Åsa,Dieter
Erwéi,Trent
Mélinda,Davide
Léonore,Geordie
Laurélie,Magdalena
Edmée,Debbie
Gwenaëlle,Reggis
Björn,Borg
Gwenaëlle,Maura
Aloïs,Amye
Maïly,Suki
Styrbjörn,Demetre
Anaé,Andonis
Lyséa,Packston
Médiamass,Nicky
Eléonore,Reuben
Eléa,Augustine
Cécile,Courtenay
Célestine,Marlo
Mén,Grantham
Cécile,Ramonda
Simplifiés,Creigh
Zoé,Masha
Gérald,Benedetto
Yáo,Otes
Réjane,Bree
Eliès,Nollie
Lorène,Camilla
Renée,Case
Léana,Meredith
Gösta,Barnebas
Léone,Barthel
Crééz,Harrietta
Mélina,Darwin
Eugénie,Alissa
Lóng,Kacey
Pénélope,Raddy
Sòng,Yule
Almérinda,Timothy
Ráo,Lindy
André,Bertine
Illustrée,Nicoline
Yè,Elijah
Maëlys,Packston
Marie-noël,Jeannine
Maïté,Eustacia
Adélie,Sancho
Adélie,Valentine
Lucrèce,Sunny
Mélys,Wash
Céline,Willard
Léonore,Penelopa
Marie-ève,Allix
Tú,Quintina
Maëlys,Rina
Mélia,Torre
Mélia,Willard
Laurène,Laurice
Torbjörn,Wilbur
Marie-thérèse,Ayn
Jú,Bone
Yú,Sandie
Lóng,Maurizio
Hélène,Cass
Estève,Grazia
Réservés,Christean
Cléa,Shayne
Anaël,Jo
Eugénie,Lambert
Josée,Derek
Judicaël,Bidget
Kallisté,Melvyn
Mélinda,Kingsley
Garçon,Harold
Nélie,Jared
Ophélie,Juline
Méthode,Sigfrid
Mélanie,Jourdan
Léone,Collete
Vénus,Hedwig
Gérald,Mariellen
Naëlle,Peder
Faîtes,Addison
Lóng,Benn
Hélène,Niels
Ráo,Bobbette
Angèle,Ania
Marie-hélène,Margette
Marie-hélène,Boone
Maï,Brita
Vérane,Galven
Almérinda,Deloria
Anaïs,Allayne
Börje,Hamnet
Valérie,Ingrid
Méghane,Byrom
Tú,Chrysa
Aimée,Babb
Mà,Cati
Stévina,Hubert
Réjane,Loria
Mélia,Tomasina
Marlène,Gaylord
Estée,Marius
Méryl,Fidel
Danièle,Dermot
Zoé,Paulina
Crééz,Leoline
Solène,Sallie
Léana,Dwight
Uò,Noble
Nadège,Ernaline
Anaé,Kinsley
Yóu,Bendick
Séverine,Ana
Séverine,Ethan
Bérengère,Felipe
Maëly,Trever
Håkan,Eal
Clémence,Desmond
Åke,Devin
Ruò,Trip
Adélaïde,Ulrich
Noëlla,Margalo
Bénédicte,Janette
Méng,Fransisco
Kallisté,Deane
Mylène,Valeria
Anaël,Finn
Crééz,Wenonah
Adélaïde,Etheline
Amélie,Rafaelita
Eugénie,Brien
Ráo,Candace
Anaël,Oran
Cinéma,Cassie
Maëlle,Zabrina
Gwenaëlle,Anastasia
Thérèsa,Frayda
Maïlys,Emmy
Maëlle,Madeline
Méghane,Hermann
Céline,Brandise
Maëlle,Glynis
Vénus,Tedda
Clélia,Rozamond
Audréanne,Becky
Amélie,Kirstin
Björn,Roseanna
Annotés,Micheline
Zoé,Mycah
Marie-ève,Morissa
Yè,Lorri
Aurélie,Cristy
Gaëlle,Alaster
Yú,Hamid
Médiamass,Moselle
Jú,Levey
Maïlys,Harcourt
Agnès,Binny
Åslög,Ilyssa
Maëlann,Camellia
Adélaïde,Alene
Almérinda,Fabian
Estée,Alfonse
Maëly,Myrtia
Uò,Yettie
Börje,Jard
Hélène,Yvonne
Maëlla,Karol
Béatrice,Elia
Gaïa,Evonne
Annotée,Suzanne
Bénédicte,Joscelin
Yè,Dur
Françoise,Kerby
Yú,Christie
Publicité,Mina
Loïs,Nolana
Liè,Robinia
Réjane,Bertina
Naéva,Cordelia
Simplifiés,Fred
Méline,Virgil
Irène,Viole
Salomé,Erika
Lyséa,Carree
Faîtes,Gothart
Daphnée,Sarene
Véronique,Fanya
Daphnée,Budd
Mén,Joyce
Maëlla,Cody
Angélique,Gustavo
Cléa,Aube
Néhémie,Codie
Mà,Judith
Hélène,Reid
Loïc,Jenica
Marie-ève,Demeter
Anaïs,Bertrando
Athéna,Nara
Michèle,Gipsy
Maïlys,Sari
Kallisté,Nevile
Maïté,Jdavie
Kallisté,Ade
Estée,Regine
Naéva,Evania
Vérane,Fidelity
Lorène,Fairleigh
Josée,Irvine
Kuí,Aldin
Yáo,Kris
Lài,Sloan
Gaïa,Dolorita
Vérane,Lorilee
Anaé,Norine
Erwéi,Katie
Maïwenn,Ree
Sòng,Sammy
Edmée,Lief
Athéna,Odilia
Björn,Dore
Bérengère,Ilyssa
Angèle,Tommy
Annotée,Lou
Torbjörn,Harrie
Zoé,Tye
Anaé,Hildagarde
Bérangère,Luciana
Salomé,Randal
Pélagie,Channa
Médiamass,Keene
Régine,Thatcher
Léa,Dane
Tán,Afton
Maëly,Sebastiano
Renée,Norrie
Zoé,Moses
Bérangère,Nerte
Stévina,Genia
Aloïs,Harri
Bécassine,Elwin
Clémentine,Mario
Estève,Justinn
Thérèse,Garland
Lyséa,Madelon
Gérald,Gunter
Maëlle,Perice
Amélie,Evvy
Sòng,Shaine
Anaïs,Thaddus
Bénédicte,Una
Måns,Chere
Lauréna,Janenna
Estée,Vonni
Yóu,Leshia
Erwéi,Milo
Méthode,Tyson
Pénélope,Hamilton
Naéva,Stanwood
Vérane,Nelly
Maëlys,Shannan
Mélys,Hinze
Yú,Pepito
Marie-ève,Melva
Dù,Karlie
Adélaïde,Jareb
Mén,Keeley
Sélène,Joice
Anaëlle,Dedie
Gwenaëlle,Julienne
Desirée,Constancy
Réjane,Sunshine
Gaétane,Harriette
Françoise,Sybilla
Mélodie,Sanford
Léone,Geraldine
Mélissandre,Parker
Yóu,Lindsy
Danièle,Marcus
Pélagie,Angy
Léone,Giovanni
Maëly,Winslow
Salomé,Stella
Gösta,Dare
Gaétane,Janenna
Lèi,Cordelia
Zhì,Chevalier
Lóng,Chrissie
Dà,Andromache
Loïc,Damita
Réjane,Daniella
Léane,Lorrie
Andrée,Brandtr
Geneviève,Galen
Yénora,Jackson
Rébecca,Mahmud
Mégane,Kirk
Véronique,Agnola
Laïla,Clemens
Yóu,Llewellyn
Lén,Bertine
Pål,Carl
Maïlis,Waylen
Mélinda,Bernardina
Célia,Daffie
Angélique,Antonetta
Dafnée,Rozele
Séréna,Novelia
Marie-noël,Piper
Maëline,Marvin
Börje,Aluin
Bérangère,Kassia
Océanne,Rafi
Kuí,Matteo
Eléa,Vassily
Méghane,Di
Mà,Ernaline
Maïlys,Becki
Eugénie,Konstance
Marlène,Dannye
Athéna,Lura
Nélie,Martainn
Hélène,Tillie
Bérangère,Stefania
Naéva,Libbie
Gisèle,Jessie
Chloé,Leroy
Aloïs,Ag
Véronique,Wilmar
Maëlla,Dinnie
Andréa,Lark
Angèle,Elinore
Joséphine,Raul
Kù,Livvie
Andréanne,Scarlett
Géraldine,Winfred
Mélinda,Ashby
Pò,Ashton
Bérénice,Catrina
Nadège,Van
Eloïse,Rosella
Séréna,Kalina
Marie-noël,Cordy
Estève,Robinett
Tán,Benny
Nuó,Harmon
Nélie,Felike
Nuó,Zed
Dà,Brigida
Bénédicte,Sancho
Geneviève,Nicola
Fèi,Micheline
Bérangère,Devin
Léane,Jazmin
Pélagie,Creight
Bérengère,Malia
Irène,Catina
Yénora,Wain
Lucrèce,Cally
Médiamass,Kakalina
Yú,Lulita
Gaétane,Chandler
Cécile,Grier
Göran,Les
Zoé,Barr
Céline,Dyanna
Lèi,Karlen
Maï,Tani
Gaétane,Karmen
Célestine,Franzen
Noémie,Isidore
Eugénie,Robbin
Mélanie,Julia
Faîtes,Valida
Fèi,Talbert
Maïwenn,Violetta
Gérald,Johannah
Annotée,Zara
Yénora,Roana
Inès,Roscoe
Mén,Andreas
Vérane,Mariquilla
Maïté,Jonie
Göran,Griz
Célia,Kerby
Annotés,Karlie
Eloïse,Claus
Renée,Sheelah
Maëly,Jerry
Mà,Brittne
Rébecca,Cristiano
Loïca,Rem
Cunégonde,Janenna
Marlène,Jewel
Bénédicte,Dulcinea
Solène,Barnabas
Noëlla,Cele
Maëlann,Hillary
Aimée,Ira
Aí,Marieann
Bérénice,Ted
Pò,Robbyn
Loïca,Tito
Gaïa,Kore
Méghane,Babette
Mélia,Walsh
Maïwenn,Cathi
Vénus,Delmar
Hélène,Brynn
Mélinda,Pincas
Eliès,Antoni
Véronique,Gabbie
Eléonore,Sibella
Stéphanie,Konrad
Pélagie,Dani
Anaëlle,Georgine
Bérénice,Forbes
Clémentine,Ezekiel
Camélia,Walden
Céline,Dom
Crééz,Gerri
Yáo,Marcela
Irène,Dacia
Estève,El
Anaïs,Rozella
Océanne,Cristal
Nadège,Craggie
Adèle,Mal
Amélie,Gram
Jú,Charmion
Cunégonde,Vincenty
Lauréna,Loraine
Annotés,Shirlee
Gaëlle,Kristian
Styrbjörn,Conan
Océanne,Tiebout
Bérangère,Aaren
Åsa,Kingsley
Stéphanie,Joye
Eléonore,Filberto
Bénédicte,Karita
Mén,Archer
Salomé,Alia
Kuí,Nealson
Salomé,Betsey
Pénélope,Brand
Lén,Betsy
Laurélie,Samuel
Måns,Dionisio
Lorène,Renell
Aloïs,Page
Rébecca,Skippie
Réservés,Morlee
Mélissandre,Joshua
Bérénice,Layla
Noémie,Mercy
Thérèse,Theadora
Mylène,Burr
Marlène,Jodi
Laïla,Ellwood
Bérénice,Tommi
Märta,Aguie
Lorène,Hastie
Mårten,Prudi
Simplifiés,Yalonda
Mélys,Desiri
Aloïs,Natasha
Mylène,Clemmie
Mén,Myrle
Valérie,Lonnie
Maï,Janith
Joséphine,Leone
Judicaël,Aubrey
Marie-thérèse,Briant
Mélodie,Maisey
Clémence,Pavel
Françoise,Stevena
Loïca,Merrielle
Estée,Lorrayne
Bérengère,Gunner
Océanne,Reamonn
Loïca,Valentine
Gisèle,Dag
Liè,Skippy
Léonie,Jyoti
